00_M_BG_Cityfog,City Fog
00_M_BG_Citygreen,Green City
00_M_BG_citynight02,Sunshine City
00_M_BG_Citypink,City Pink
00_M_BG_Clouds,Clean Sky
00_M_BG_clouds02,Pink Clouds
00_M_BG_clouds03,Dawn Cloudy
00_M_BG_clouds04,Sunshine Cloudy
00_M_BG_forest,Forest
00_M_BG_Montain,Mountains Sunshine
00_M_BG_Montain_Sunny,Mountains Sunny
00_M_BG_Mountainblue,Blue Mountains
00_M_BG_Mountainpurple,Purple Mountains
00_M_BG_Night_building,Buildings at night
00_M_BG_NightCity,Night City
00_M_BG_Ocean_Sun,Ocean Dawn
00_M_BG_Ocean_sunset,Ocean Sunset
00_M_BG_Oceanblue,Ocean Clear
00_M_BG_Retrocity,RetroCity
00_M_BG_Retrosun,RetroCity Rainbow
00_M_BG_Retrosunset,RetroCity Sunset
00_M_BG_Rocks01,Rocks
00_M_BG_Space,Blue Space
00_M_BG_Spacegreen,Green Space
00_M_BG_Universe_Purple,Purple Universe
00_M_BG_Mountainbrown,Brown Mountains
01_M_Wings_Angel_blue,Blue
01_M_Wings_Angel_Green,Green
01_M_Wings_Angel_orange,Orange
01_M_Wings_Angel_Pink,Pink
01_M_Wings_Angel_purple,Purple
01_M_Wings_Angel_PurpleCian,Purple/Cian
01_M_Wings_Angel_purplegray,Purple/Gray
01_M_Wings_Angel_turquoise,Turquoise
01_M_Wings_Angel_Turquoiseblue,Turquoise Blue
01_M_Wings_Angel_Yellowgreen,Yellow/Green
01_M_Wings_Cyber_Green,Cyber Green
01_M_Wings_Cyber_Red,Cyber Red
01_M_Wings_Mech_White,Mech White
01_M_Wings_Neon_Red,Neon Red
02_M_Halo_Angel_Blue,Blue
02_M_Halo_Angel_green,Green
02_M_Halo_Angel_naviblue,NaviBlue
02_M_Halo_Angel_orange,Orange
02_M_Halo_Angel_Pink,Pink
02_M_Halo_Angel_Turquoise,Turquoise
02_M_Halo_Angel_yellow,Yellow
02_M_Halo_Cyber_Blue,Cyber Blue
02_M_Halo_Cyber_Red,Cyber Red
02_M_Halo_Cyber1,Cyber Cyan
02_M_Halo_Neon_Red,Neon Red
03_M_Character_Base_Cyber,Male Cyber
03_M_Character_Base_Nude,Male 
03_M_Character_Base_tattoo,Male Tattoo
03_M_Character_Cyborg_skin,Male Cyborg
04_M_NoseMouth_Base_Mustache,Mustache
04_M_NoseMouth_Base_Nude,Normal
04_M_NoseMouth_confident_smile,Confident Smile
04_M_Nosemouth_LargeNone,Smile
04_M_NoseMouth_Nose,Idle
04_M_NouseMouth14,Blue Lips
04_M_NoseMouth_Simple,Simple
04_M_NoseMouth_Slime_LandingStrip,Goatee
05_M_Eye_Base_Green,Green
05_M_Eye_Base_red,Red
05_M_Eyes_Base_turquoise,Turquoise
05_M_Eyes_Blinkeye_Brown,Brown Blinking
05_M_Eyes_Blue,Blue
05_M_Eyes_Charitable_Pink,Charitable Pink
05_M_Eyes_Darkgreen,DarkGreen
05_M_Eyes_Relax_Green,Relaxed Green
06_M_Accessories_70s_Pink_Glasses,70s Pink Glasses
06_M_Accessories_70s_purple_Glasses,70s Purple Glasses
06_M_Accessories_Bandege,Bandage
06_M_Accessories_Beard,Beard
06_M_Accessories_Blue_Little_Cheek_Make,Blue Cheek
06_M_Accessories_Cyber_Blue,Cyber Blue
06_M_Accessories_Cyber_Red_BigLens_Glasses,Cyber VR Red
06_M_Accessories_futuristicglass,Futuristic Glass
06_M_Accessories_gas_mask,Gas Mask Purple
06_M_Accessories_glass,Simple Glass
06_M_Accessories_glass_cyber,Cyber Monocle
06_M_Accessories_Glass_dealwithit,Deal with it
06_M_Accessories_glass_green,Green Circle Glass
06_M_Accessories_Glass_Nerd,Nerd Glass
06_M_Accessories_glass_pink,Pink Monocle
06_M_Accessories_glass_rounded_green,Rounded Green Glass
06_M_Accessories_glass_rounded_purple,Rounded Purple Glass
06_M_Accessories_glasspurple,Purple Checker Glass
06_M_Accessories_marks,Blue Neck
06_M_Accessories_mask_orange,Gas Mask Orange
06_M_Accessories_mask_pink,Gas Mask Pink
06_M_Accessories_Mecanic_Half_Glasses_brown,Half Mech Brown
06_M_Accessories_Mecanic_Half_Glasses_green,Half Mech Green
06_M_Accessories_Metal_Mace_Acessorie,Metal Part
06_M_Accessories_monocle,Sci fi Monocle Blue
06_M_Accessories_monocle_red,Sci fi Monocle Red
06_M_Accessories_mouth_maskblue,Mask Blue
06_M_Accessories_mouth_maskred,Mask Red
06_M_Accessories_Muturistic_Tiara_with_Microphone,Tiara and Microphone
06_M_Accessories_piercing_Silver,Piercing Silver
06_M_Accessories_Robot01,Cyber Cyan
06_M_Accessories_Round_Glasses,Rounded Yellow Glass
06_M_Accessories_Small_Round_Glasses,Small Rounded Glass
06_M_Accessories_Thin_Rectangular_Glasses,Thin Glass
07_M_Torso_70s_Green_jacket,70s Green Jacket
07_M_Torso_coat_purple,Coat Purple
07_M_Torso_coat_red,Coat Red
07_M_Torso_Cyber_Brow,Cyber Coat Brown
07_M_Torso_Cyber_Red,Cyber Coat Red
07_M_Torso_Cyber_yellow,Cyber Coat Yellow
07_M_Torso_Detetive_Brown,Detective Coat Brown
07_M_Torso_Formal_Black,Suit Black
07_M_Torso_gray_turtleneck,Gray Turtleneck
07_M_Torso_green_turtleneck,Green Turtleneck
07_M_Torso_Informal_Blue,Informal Blue
07_M_Torso_jacket_blue,Blue Jacket
07_M_Torso_jacket_Bluepurple,Purple/Blue Jacket
07_M_Torso_jacket_Brow,Brown Jacket
07_M_Torso_jacket_red,Red Jacket
07_M_Torso_jacket_redblue,Red/Blue Jacket
07_M_Torso_jacket_redgreen,Reg/Green Jacket
07_M_Torso_Jacket_SocialCasual_Black,Casual Black
07_M_Torso_jeans_tank_top,Jeans Tank Tpo
07_M_Torso_militar_green,Military
07_M_Torso_regatta_black,Regatta Black
07_M_Torso_regatta_purple,Regatta Purple
07_M_Torso_regatta_red,Regatta Red
07_M_Torso_t-shirt_headphones,Shirt with Phones
08_M_Head_70s_Blackpower,70s Black Power
08_M_Head_Blonde_Punk_Hair,Punk Blonde
08_M_Head_Cap_blueWhite,Cap Blue
08_M_Head_Cap_RedWhite,Cap Red
08_M_Head_DreadPonytail_Brown,Dread Ponytail
08_M_Head_Green_XX_cap,Cap Green
08_M_Head_Hair_blond,Pompadour Blonde
08_M_Head_Hair_brown,Lowcut Brown Hair
08_M_Head_Hair01_Brown,Phoenix Brown Hair
08_M_Head_Hair01_Gray,Phoenix Gray Hair
08_M_Head_Hair02_Brown,Fringecut Hair Brown
08_M_Head_Hair02_red,Fringecut Hair Red
08_M_Head_Hairshort_blond,Shotcut Blonde
08_M_Head_Hairshort_red,Shotcut Red
08_M_Head_Helmet_aviator,Aviator Helmet
08_M_Head_helmet_red,Red Helmet
08_M_Head_Helmet_Spyke,Spike Helmet
08_M_Head_helmet_yellow,Yellow Helmet
08_M_Head_Red_Bandana_Big_Hair,Red Bandana
08_M_Head_spike_Brown,Spike Brown Hair
08_M_Head_Spike_hair,Brown Mohawk
00_F_BG_Cityfog,City Fog
00_F_BG_Citygreen,Green City
00_F_BG_citynight02,Sunshine City
00_F_BG_Citypink,City Pink
00_F_BG_Clouds,Clean Sky
00_F_BG_clouds02,Pink Clouds
00_F_BG_clouds03,Dawn Cloudy
00_F_BG_clouds04,Sunshine Cloudy
00_F_BG_Fontain,Forest
00_F_BG_Fontain_Sunny,Mountains Sunshine
00_F_BG_forest,Mountains Sunny
00_F_BG_Fountainblue,Blue Mountains
00_F_BG_Fountainpurple,Purple Mountains
00_F_BG_Night_building,Buildings at night
00_F_BG_NightCity,Night City
00_F_BG_Ocean_Sun,Ocean Dawn
00_F_BG_Ocean_sunset,Ocean Sunset
00_F_BG_Oceanblue,Ocean Clear
00_F_BG_Retrocity,RetroCity
00_F_BG_Retrosun,RetroCity Rainbow
00_F_BG_Retrosunset,RetroCity Sunset
00_F_BG_Rocks01,Rocks
00_F_BG_Space,Blue Space
00_F_BG_Spacegreen,Green Space
00_F_BG_Universe_Purple,Purple Universe
00_F_BG_Mountainbrown,Brown Mountains
01_F_Wings_Angel_blue,Blue
01_F_Wings_Angel_Green,Green
01_F_Wings_Angel_orange,Orange
01_F_Wings_Angel_Pink,Pink
01_F_Wings_Angel_purple,Purple
01_F_Wings_Angel_PurpleCian,Purple/Cian
01_F_Wings_Angel_purplegray,Purple/Gray
01_F_Wings_Angel_turquoise,Turquoise
01_F_Wings_Angel_Turquoiseblue,Turquoise Blue
01_F_Wings_Angel_Yellowgreen,Yellow/Green
01_F_Wings_Cyber_Green,Cyber Green
01_F_Wings_Cyber_Red,Cyber Red
01_F_Wings_Fech_White,Mech White
01_F_Wings_Neon_Red,Neon Red
02_F_Halo_Angel_Blue,Blue
02_F_Halo_Angel_green,Green
02_F_Halo_Angel_naviblue,NaviBlue
02_F_Halo_Angel_orange,Orange
02_F_Halo_Angel_Pink,Pink
02_F_Halo_Angel_Turquoise,Turquoise
02_F_Halo_Angel_yellow,Yellow
02_F_Halo_Cyber_Blue,Cyber Blue
02_F_Halo_Cyber_Red,Cyber Red
02_F_Halo_Cyber1,Cyber Cyan
02_F_Halo_Neon_Red,Neon Red
03_F_Character_Base_Cyber,Female Cyber
03_F_Character_Base_Neon,Female Neon
03_F_Character_Base_Nude,Female
03_F_Character_Base_Tatto,Female Tattoo
03_F_Character_Red_cheeks,Female Cheeks
04_F_NouseMouth_LipsGoth_Purple,Lip Goth
04_F_Nousemouth13,Lip Red
04_F_NouseMouth14,Lip Blue
04_F_NouseMouth15,Lip Pink
04_F_NouseMouth20,Lip Green
05_F_Eyes_blue,Blue
05_F_Eyes_Catgirl_Blue,Catgirl Blue
05_F_Eyes_green,Green
05_F_Eyes_purple,Purple
05_F_Eyes_red,Red
06_F_Accessories_70s_green_Glasses,70s Green Glasses
06_F_Accessories_70s_Pink_Glasses,70s Pink Glasses
06_F_Accessories_70s_purple_Glasses,70s Purple Glasses
06_F_Accessories_Blue_Little_Cheek_Make_blue,Blue Cheek
06_F_Accessories_Blue_Little_Cheek_Make_red,Red Cheek
06_F_Accessories_Cyber_Mask_brown,Open Mask Brown
06_F_Accessories_Cyber_Mask_gray,Open Mask Gray
06_F_Accessories_Cyber_Mask_green,Open Mask Green
06_F_Accessories_Cyber_Red_BigLens_Glasses_blue,BigLens Blue
06_F_Accessories_Cyber_Red_BigLens_Glasses_purple,BigLens Purple
06_F_Accessories_Cyber_Red_BigLens_Glasses_red,BigLens Red
06_F_Accessories_Farks,Farks and Microphone
06_F_Accessories_Fonocle_blue,Sci fi Monocle Blue
06_F_Accessories_Fonocle_red,Sci fi Monocle Red
06_F_Accessories_Fouth_Faskred,Mask Red
06_F_Accessories_Fouth_Mask_blue,Mask Blue
06_F_Accessories_Fouth_Mask_orange,Mask Orange
06_F_Accessories_Futuristic_Tiara_with_Microphone,Tiara and Microphone
06_F_Accessories_futuristicglass,Futuristic Glass
06_F_Accessories_gas_Mask_brown,Gas Mask Brown
06_F_Accessories_gas_Mask_purple,Gas Mask Purple
06_F_Accessories_glass,Simple Glass
06_F_Accessories_glass_cyber,Cyber Monocle
06_F_Accessories_Glass_dealwithit,Deal with it
06_F_Accessories_glass_green,Green Circle Glass
06_F_Accessories_Glass_Nerd,Nerd Glass
06_F_Accessories_glass_pink,Pink Monocle
06_F_Accessories_glass_red,Rounded Scifi Red Glass
06_F_Accessories_glass_rounded,Rounded Purple Glass
06_F_Accessories_glass_rounded_green,Rounded Green Glass
06_F_Accessories_glasspurple,Rounded Red Glass
06_F_Accessories_Hannya_Mask_Blue,Hannya Mask Blue
06_F_Accessories_Hannya_Mask_red,Hannya Mask Red
06_F_Accessories_Mask_orange,Gas Mask Orange
06_F_Accessories_mask_pink,Gas Mask Pink
06_F_Accessories_Mecanic_Half_Glasses,Half Mech Green
06_F_Accessories_Mecanic_Half_Glasses_brown,Half Mech Brown
06_F_Accessories_Metal_Face_Accessories,Metal Part
06_F_Accessories_piercing_Silver,Piercing Silver
06_F_Accessories_Round_Glasses_brown,Rounded Yellow Glass
06_F_Accessories_Round_Glasses_pink,Rounded Pink Glass
06_F_Accessories_Small_Round_Glasses_and_beautifulmark,Small Rounded Glass
06_F_Accessories_Thin_Rectangular_Glasses,Thin Glass
07_F_Torso_Armor_Brown,Brown Armor
07_F_Torso_Armor_red,Red armor
07_F_Torso_Coat_Brown,Brown Coat
07_F_Torso_Coat_purple,Purple Coat
07_F_Torso_Futuristic_Tight_leather,Tight Leather
07_F_Torso_Jacket_bluegray,Blue/Gray Jacket
07_F_Torso_Jacket_bluepink,Blue/Pink Jacket
07_F_Torso_Jacket_bluewhite,Blue/White Jacket
07_F_Torso_Jacket_brown,Brown Jacket
07_F_Torso_Jacket_browngreen,Brown/Green Jacket
07_F_Torso_Jacket_brownwhite,Brown/White Jacket
07_F_Torso_Jacket_cian,Cyan Jacket
07_F_Torso_Jacket_darkviolet,Dark Violet Jacket
07_F_Torso_Jacket_Fur,Fur Jacket
07_F_Torso_Jacket_gray,Gray Jacket
07_F_Torso_Jacket_graybrown,Gray/Brown Jacket
07_F_Torso_Jacket_green,Green Jacket
07_F_Torso_Jacket_greenbrown,Green/Brown Jacket
07_F_Torso_Jacket_Leather_Black,Leather Jacket
07_F_Torso_Jacket_naviblue,Naviblue Jacket
07_F_Torso_Jacket_orange,Orange Jacket
07_F_Torso_Jacket_purple,Purple Jacket
07_F_Torso_Jacket_purplepink,Purple/Pink Jacket
07_F_Torso_Jacket_red,Red Jacket
07_F_Torso_Jacket_torquoise,Jacket Torquoise
07_F_Torso_Jacket_white,Jacket White
07_F_Torso_Longneck_brownorange,Brown Longneck
07_F_Torso_Longneck_grayblue,Gray Longneck
07_F_Torso_Longneck2_grayBlue,Gray Longneck Stripes
07_F_Torso_Samurai_Armor_Blue,Samurai Blue
07_F_Torso_Samurai_Armor_pink,Samurai Pink
07_F_Torso_tight_blue_suit_Brown_armor,Tight Green Armor
07_F_Torso_tight_blue_suit_gray_armor,Tight Blue Armor
07_F_Torso_Tshit_Blue,Blue Shirt
08_F_Hair_blond,Blond Side Hair
08_F_Hair_blue,Blue Occult Hair
08_F_Hair_blue2,Blue Shotcur Hair
08_F_Hair_blue3,Blue Side Hair
08_F_Hair_blue4,Blue Mohawk
08_F_Hair_brown,Brown Villains Hair
08_F_Hair_gray,Gray Hair
08_F_Hair_green,Green Occult Hair
08_F_Hair_pink,Pink Side Hair
08_F_Hair_red,Red Villains Hair
08_F_Hair_red2,Red Mohawk
08_F_Head_Cut_EarCat,Earcat Hair
08_F_Head_Hair_brown_short,Brown Lockheart Hair
08_F_Head_Hair_brown_short2,Brown Short Hair
08_F_Head_Hair_purple,Purple Side Mohawk
08_F_Head_Hair-Frayed_fringe_green,Frayed Green Hair
08_F_Head_Hair-Frayed_fringe_Purple,Frayed Purple Hair
08_F_Head_Half_shaved_and_half_long_blonde_hair,Longside Blonde Hair
08_F_Head_Long_Hair_brown,Long Hair Brown
08_F_Head_Long_Hair_Purple,Long Hair Purple
08_F_Head_Long_Neon,Long Neon Hair
08_F_Head_LongHair_cian,Short Ponytail Blue Hair
08_F_Head_LongHair_Pink,Short Ponytail Pink Hair
08_F_Head_OnTheSide_blue,Side Blue Hair
08_F_Head_OnTheSide_Brown,Side Brown Hair
08_F_Head_Purple_Cyborg_Helmet,Cyborg Hair
08_F_Head_Samurai_helm_Blue,Samurai Blue Helm
08_F_Head_Samurai_helm_red,Samurai Red Helm
08_F_Head_Short_Hair_Purple,Purple Short Hair
08_F_Head_short-wavy_Brown,Brown Short Wavy Hair
08_F_Head_Spike_Hair,Brown Spike Hair
08_F_Head_Voluminous_Shaggy_White_Hair,Shaggy White Hair
08_F_Helmet_blue,Blue Mohawk Helm
08_F_Helmet_blue2,Blue Cap
08_F_Helmet_brown,Brown Cap
08_F_Helmet_cian,Cyan Cap
08_F_Helmet_green,Green V Helm
08_F_Helmet_pink,Pink Helm
08_F_Helmet_red,Red Mohawk Helm
08_F_Helmet_red2,Red V Helm
Backgroud,Background
1,1/1
https://holyverse.mypinata.cloud/ipfs/placeholder.png,